PlanningAlgorithm,goalNumber,distanceTravelled,totalAngleTurned,timeForPath,plannerQueueLength,plannerCellsVisited,plannerPathCardinality,plannerPathCost,plannerAngleTurned
A* Algorithm (Heuristic: Octile),1,23.44207999258657,283.63414816739936,42.96746492385864,119,919,92,105.30366756278436,225.0
A* Algorithm (Heuristic: Octile),2,28.8457414021451,6868.866768020584,56.025222420692444,263,3852,103,130.7584783290288,765.0
A* Algorithm (Heuristic: Octile),3,18.06755171849331,639.2255552007625,33.40990698337555,179,851,68,82.00222019793698,270.0
A* Algorithm (Heuristic: Octile),4,12.521506825011471,389.9688380187751,24.259753942489624,118,565,47,56.9476703671621,270.0
A* Algorithm (Heuristic: Octile),5,13.857629337309877,571.6686069436425,28.5662499666214,142,889,52,63.04634747124753,450.0
