PlanningAlgorithm,goalNumber,distanceTravelled,totalAngleTurned,timeForPath,plannerQueueLength,plannerCellsVisited,plannerPathCardinality,plannerPathCost,plannerAngleTurned
Breadth First (FIFO),1,27.925265329218963,935.7788448328299,47.18250346183777,78,3481,92,125.83311446353177,24.75313413955672
Dijkstra's,1,23.08933154065343,231.10781634075403,18.858685970306396,93,3311,92,105.30366756278436,270.0
Dijkstra's,2,28.24273998734573,1602.629465166745,31.55157494544983,123,4441,103,130.7584783290288,585.0
Dijkstra's,3,17.898142352952267,229.88864228347623,12.400312900543213,98,2836,68,82.00222019793698,135.0
Dijkstra's,4,12.230597563290837,286.6528667069606,15.668272018432617,134,2190,47,56.9476703671621,225.0
Dijkstra's,5,13.07624986068117,426.3261353348365,21.001458883285522,164,3706,52,63.04634747124752,360.0
Dijkstra's,6,16.113036257472277,286.981800286618,11.432228088378906,99,2518,64,74.23049281501784,135.0
Dijkstra's,7,19.443413630483295,282.1788296944918,15.836996078491211,124,4119,80,92.25320886440062,315.0
