{
    "A* Algorithm (Heuristic: Euclidean)": {
        "2": {
            "distanceTravelled": 30.906058424460223, 
            "plannerPerformance": {
                "maximumLengthOfQueue": 140, 
                "numberOfCellsVisited": 3738, 
                "pathCardinality": 104, 
                "pathTravelCost": 139.8167298392221, 
                "totalAngleTurned": 50.848107186040664
            }, 
            "timeForPath": 206.11626505851746, 
            "totalAngleTurned": 3342.598170722622
        }
    }
}