PlanningAlgorithm,goalNumber,distanceTravelled,totalAngleTurned,timeForPath,plannerQueueLength,plannerCellsVisited,plannerPathCardinality,plannerPathCost,plannerAngleTurned
Breadth First (FIFO),1,27.925265329218963,935.7788448328299,47.18250346183777,78,3481,92,125.83311446353177,24.75313413955672
Dijkstra's,1,23.413211606408897,367.80833978169835,41.49145448207855,93,3311,92,105.30366756278436,1.0809241866606953
Dijkstra's,2,28.836788066332282,3098.3432013130055,48.969915986061096,123,4442,103,130.7584783290288,375.496118076577
Dijkstra's,3,18.123576273615186,555.1723791707103,30.818724036216736,98,2835,68,82.00222019793698,186.74383730272422
Dijkstra's,4,12.607930762131367,343.12928912677654,21.88661289215088,134,2189,47,56.9476703671621,198.12088268031204
